{
  "printname": "#class_red_class1",
  "playermodel": "models/player/Axis/heinrich.mdl",
  "selectcmd": "cls_red_class1",
  "team": "RED",
  "primaryweapon": "k98",
  "secondaryweapon": "mp40",
  "meleeweapon": "trenchknife",
  "grenadetype": "stickgrenade",
  "numgrens": "3",
  "limitcvar": "mp_limit_red_class1",
  "classimage": "cls_red_class1_active",
  "classimagebg": "cls_red_class1_active_bg",
  "armor": "50",
  "RunSpeed": "190",
  "SprintSpeed": "270",
  "ThirdPersonView": null
}