{
  "printname": "#class_red_class2",
  "playermodel": "models/player/Axis/adolf.mdl",
  "selectcmd": "cls_red_class2",
  "team": "RED",
  "primaryweapon": "k98sniper",
  "secondaryweapon": "luger",
  "meleeweapon": "trenchknife",
  "grenadetype": "stickgrenade",
  "numgrens": "3",
  "limitcvar": "mp_limit_red_class2",
  "classimage": "cls_red_class2_active",
  "classimagebg": "cls_red_class2_active_bg",
  "armor": "25",
  "RunSpeed": "190",
  "SprintSpeed": "270",
  "ThirdPersonView": null
}