{
  "printname": "#class_red_class5",
  "playermodel": "models/player/Axis/desmatosuchus.mdl",
  "selectcmd": "cls_red_class5",
  "team": "RED",
  "primaryweapon": "flak30",
  "secondaryweapon": "none",
  "meleeweapon": "none",
  "grenadetype": "none",
  "numgrens": "0",
  "limitcvar": "mp_limit_red_class5",
  "classimage": "cls_red_class5_active",
  "classimagebg": "cls_red_class5_active_bg",
  "armor": "200",
  "RunSpeed": "140",
  "SprintSpeed": "200",
  "ThirdPersonView": "1"
}