{
  "printname": "#class_blue_class4",
  "playermodel": "models/player/Allies/irina.mdl",
  "selectcmd": "cls_blue_class4",
  "team": "BLUE",
  "primaryweapon": "mosin",
  "secondaryweapon": "tokarev",
  "meleeweapon": "fistsregular",
  "grenadetype": "jackrabbit",
  "numgrens": "1",
  "limitcvar": "mp_limit_blue_class4",
  "classimage": "cls_blue_class4_active",
  "classimagebg": "cls_blue_class4_active_bg",
  "armor": "25",
  "RunSpeed": "190",
  "SprintSpeed": "270",
  "ThirdPersonView": null
}