{
  "printname": "#class_red_class3",
  "playermodel": "models/player/Axis/karl.mdl",
  "selectcmd": "cls_red_class3",
  "team": "RED",
  "primaryweapon": "mp44",
  "secondaryweapon": "luger",
  "meleeweapon": "trenchknife",
  "grenadetype": "healthkit",
  "numgrens": "5",
  "limitcvar": "mp_limit_red_class3",
  "classimage": "cls_red_class3_active",
  "classimagebg": "cls_red_class3_active_bg",
  "armor": "25",
  "RunSpeed": "190",
  "SprintSpeed": "270",
  "ThirdPersonView": null
}