{
  "printname": "#class_red_class11",
  "playermodel": "models/player/Axis/microraptor.mdl",
  "selectcmd": "cls_red_class11",
  "team": "RED",
  "primaryweapon": "microraptor",
  "secondaryweapon": "none",
  "meleeweapon": "none",
  "grenadetype": "none",
  "numgrens": "0",
  "limitcvar": "mp_limit_red_class11",
  "classimage": "cls_red_class11_active",
  "classimagebg": "cls_red_class11_active_bg",
  "armor": "25",
  "RunSpeed": "240",
  "SprintSpeed": "320",
  "ThirdPersonView": null
}