{
  "printname": "#class_red_class10",
  "playermodel": "models/player/Axis/compsognathus.mdl",
  "selectcmd": "cls_red_class10",
  "team": "RED",
  "primaryweapon": "compy",
  "secondaryweapon": "none",
  "meleeweapon": "none",
  "grenadetype": "none",
  "numgrens": "0",
  "limitcvar": "mp_limit_red_class10",
  "classimage": "cls_red_class10_active",
  "classimagebg": "cls_red_class10_active_bg",
  "armor": "0",
  "RunSpeed": "255",
  "SprintSpeed": "335",
  "ThirdPersonView": "1"
}