{
  "Damage": "90",
  "Bullets": "1",
  "CycleTime": "0.225",
  "CycleTime2": null,
  "BulletSpread": "0.02",
  "PunchAngleX": "3",
  "PunchAngleY": null,
  "PunchOffset": "2",
  "CanSelectROF": null,
  "BuiltRightHanded": "1",
  "printname": "#DDD_Weapon_Garand",
  "viewmodel": "models/weapons/v_m1garand.mdl",
  "playermodel": "models/weapons/w_M1Garand.mdl",
  "PlayerAnimationExtension": "mp5",
  "bucket": "0",
  "bucket_position": "0",
  "clip_size": "8",
  "NumClips": "10",
  "primary_ammo": "garand",
  "secondary_ammo": "None",
  "weight": "25",
  "item_flags": "0",
  "MuzzleFlashEffect": "muzzle_garand",
  "SoundData": {
    "reload": null,
    "empty": null,
    "single_shot": "Garand.Shoot"
  }
}