{
  "Damage": "38",
  "Bullets": "1",
  "CycleTime": "0.09",
  "CycleTime2": null,
  "BulletSpread": "0.05",
  "PunchAngleX": "1",
  "PunchAngleY": "0.3",
  "PunchOffset": "0",
  "CanSelectROF": null,
  "BuiltRightHanded": "1",
  "printname": "#SDK_Weapon_MP5",
  "viewmodel": "models/weapons/v_thompson.mdl",
  "playermodel": "models/weapons/w_thompson.mdl",
  "PlayerAnimationExtension": "mp5",
  "bucket": "0",
  "bucket_position": "0",
  "clip_size": "30",
  "NumClips": "6",
  "primary_ammo": "smg",
  "secondary_ammo": "None",
  "weight": "25",
  "item_flags": "0",
  "MuzzleFlashEffect": "muzzle_smg1",
  "SoundData": {
    "reload": null,
    "empty": null,
    "single_shot": "Thompson.Shoot"
  }
}