{
  "Damage": "55",
  "Bullets": "1",
  "CycleTime": "0.1",
  "CycleTime2": null,
  "BulletSpread": "0.05",
  "PunchAngleX": "1",
  "PunchAngleY": null,
  "PunchOffset": "0.5",
  "CanSelectROF": null,
  "BuiltRightHanded": "1",
  "printname": "#SDK_Weapon_Pistol",
  "viewmodel": "models/weapons/v_p38.mdl",
  "playermodel": "models/weapons/w_p38.mdl",
  "PlayerAnimationExtension": "mp5",
  "bucket": "1",
  "bucket_position": "0",
  "clip_size": "8",
  "NumClips": "5",
  "primary_ammo": "pistol",
  "secondary_ammo": "None",
  "weight": "25",
  "item_flags": "0",
  "MuzzleFlashEffect": "muzzle_pistol",
  "SoundData": {
    "reload": null,
    "empty": null,
    "single_shot": "P38.Shoot"
  }
}