{
  "Damage": "175",
  "Bullets": null,
  "CycleTime": null,
  "CycleTime2": null,
  "BulletSpread": null,
  "PunchAngleX": null,
  "PunchAngleY": null,
  "PunchOffset": null,
  "CanSelectROF": null,
  "BuiltRightHanded": "1",
  "printname": "#SDK_Weapon_Grenade",
  "viewmodel": "models/weapons/v_stickgrenade.mdl",
  "playermodel": "models/weapons/w_stickbomb.mdl",
  "PlayerAnimationExtension": "gren",
  "bucket": "3",
  "bucket_position": "0",
  "clip_size": "-1",
  "NumClips": "1",
  "primary_ammo": "grenades",
  "secondary_ammo": "None",
  "weight": "1",
  "item_flags": "18",
  "MuzzleFlashEffect": null,
  "SoundData": {
    "reload": null,
    "empty": null,
    "single_shot": "common/null.wav"
  }
}