{
  "Damage": null,
  "Bullets": null,
  "CycleTime": null,
  "CycleTime2": null,
  "BulletSpread": null,
  "PunchAngleX": null,
  "PunchAngleY": null,
  "PunchOffset": null,
  "CanSelectROF": null,
  "BuiltRightHanded": null,
  "printname": null,
  "viewmodel": null,
  "playermodel": null,
  "PlayerAnimationExtension": null,
  "bucket": null,
  "bucket_position": null,
  "clip_size": null,
  "NumClips": null,
  "primary_ammo": null,
  "secondary_ammo": null,
  "weight": null,
  "item_flags": null,
  "MuzzleFlashEffect": null,
  "SoundData": null
}