{
  "Damage": "54",
  "Bullets": "1",
  "CycleTime": "0.225",
  "CycleTime2": null,
  "BulletSpread": null,
  "PunchAngleX": null,
  "PunchAngleY": null,
  "PunchOffset": null,
  "CanSelectROF": null,
  "BuiltRightHanded": "0",
  "printname": "#SDK_Weapon_Sniper",
  "viewmodel": "models/weapons/v_pist_deagle.mdl",
  "playermodel": "models/weapons/w_pist_deagle.mdl",
  "PlayerAnimationExtension": "mp5",
  "bucket": "0",
  "bucket_position": "0",
  "clip_size": "1",
  "NumClips": "20",
  "primary_ammo": "pistol",
  "secondary_ammo": "None",
  "weight": "25",
  "item_flags": "0",
  "MuzzleFlashEffect": null,
  "SoundData": {
    "reload": null,
    "empty": null,
    "single_shot": "Weapon_DEagle.Single"
  }
}