{
  "Damage": null,
  "Bullets": null,
  "CycleTime": null,
  "CycleTime2": null,
  "BulletSpread": null,
  "PunchAngleX": null,
  "PunchAngleY": null,
  "PunchOffset": null,
  "CanSelectROF": null,
  "BuiltRightHanded": null,
  "printname": "#HL2_Cubemap",
  "viewmodel": "models/shadertest/envballs.mdl",
  "playermodel": "models/shadertest/envballs.mdl",
  "PlayerAnimationExtension": null,
  "bucket": "5",
  "bucket_position": "19",
  "clip_size": "-1",
  "NumClips": null,
  "primary_ammo": "None",
  "secondary_ammo": "None",
  "weight": "0",
  "item_flags": "0",
  "MuzzleFlashEffect": null,
  "SoundData": null
}