{
  "Damage": "45",
  "Bullets": "1",
  "CycleTime": "0.11",
  "CycleTime2": null,
  "BulletSpread": "0.05",
  "PunchAngleX": "1",
  "PunchAngleY": "0.3",
  "PunchOffset": "0",
  "CanSelectROF": null,
  "BuiltRightHanded": "1",
  "printname": "#SDK_Weapon_MP5",
  "viewmodel": "models/weapons/v_mp40.mdl",
  "playermodel": "models/weapons/w_mp40.mdl",
  "PlayerAnimationExtension": "mp5",
  "bucket": "1",
  "bucket_position": "0",
  "clip_size": "32",
  "NumClips": "6",
  "primary_ammo": "mp40",
  "secondary_ammo": "None",
  "weight": "25",
  "item_flags": "0",
  "MuzzleFlashEffect": null,
  "SoundData": {
    "reload": null,
    "empty": null,
    "single_shot": "MP40.Shoot"
  }
}